article_file,language,path,word_count,text
BBC article EN1.docx,English,C:\Users\admin\Documents\Project Multilingual Narrative Divergence Analysis\ARTICLES\English\BBC article EN1.docx,528,"Source: BBC
Language: English
Date: 15 June 2026
Title: Russian strikes kill 11 and set historic cathedral in Kyiv ablaze
URL: https://www.bbc.co.uk/news/articles/c4gy037gjz3o?at_medium=RSS&at_campaign=rss
Russian strikes kill 11 and set historic cathedral in Kyiv ablaze
By Joel Guinto and Farouk Chothia
At least 11 people have been killed in a wave of Russian strikes on Ukraine that set a major religious landmark in Kyiv on fire, President Volodymyr Zelensky says.
Four people were killed in attacks on the Ukrainian capital, while five rescue workers died trying to put out a fire caused by a strike on the north-eastern city of Kharkiv, officials said.
The 11th Century Dormition Cathedral was significantly damaged in what Zelensky called ""one of the biggest Russian crimes against Christian culture today"". Russia denied hitting the site.
Meanwhile, a Ukrainian drone attack in the Russian city of Tula killed three people and wounded three others, including a one-year-old, local officials said.
Drone and missile strikes set fire to buildings and cars and left more than 140,000 people in Kyiv without electricity, its Mayor Vitali Klitschko said.
Most of Ukraine was under air raid warnings on Monday morning.
The Kyiv strikes, which targeted several residential buildings, left at least 23 people wounded. Zelensky said a total of 53 people had been injured across Ukraine.
The Dormition Cathedral is part of the Kyiv-Pechersk Lavra, an architectural ensemble of monastic buildings declared a Unesco World Heritage Site, external.
A gaping hole could be seen on one side of the church, with flames visible from the partially destroyed roof.
Zelensky said Russia launched 70 missiles and 611 drones in the overnight attack, and that the fire had since been extinguished.
French President Emmanuel Macron joined the Ukrainian leader in condemning the strike.
""Nothing justifies this attack on our universal heritage,"" he said on X.
EU foreign policy chief Kaja Kallas called the attacks on the cathedral and Ukrainian civilians ""war crimes"".
The strikes come ahead of a G7 meeting of world leaders this week in France, where the war in Ukraine is on the agenda.
Zelensky said the meeting's response should be ""decisive and meaningful: more pressure on the aggressor, more assistance to Ukraine with air defense, primarily with anti-ballistic missiles"".
The Ukrainian leader earlier said he had spoken to US President Donald Trump about efforts to end the long-running conflict.
Russia said a US-manufactured Patriot air defence missile had hit the cathedral, possibly after misfiring. It did not provide evidence to support its claim.
Russia's military said its ""massive strike"" had targeted Ukrainian military sites.
This is not the first time the cathedral has been struck during Russia's full-scale invasion of Ukraine, which began in 2022.
In January, Russian attacks damaged several buildings in the Kyiv-Pechersk Lavra complex, Ukraine's Ministry of Culture said at the time.
During World War Two, it was almost entirely destroyed, with the exception of its south-eastern tower, Unesco says on its website.
The UN agency condemned the strike on ""one of Ukraine's most significant spiritual and cultural landmarks"".
""Damage to such institutions deprives communiteies of access to culture, education and shared spaces that are essential for recovery and social cohesion,"" it said in a statement."
CNN article EN2.docx,English,C:\Users\admin\Documents\Project Multilingual Narrative Divergence Analysis\ARTICLES\English\CNN article EN2.docx,817,"Source: CNN
Language: English
Date: 15 June 2026
Title: Ukraine’s historic Kyiv Pechersk Lavra monastery set on fire in major Russian attack
URL: https://edition.cnn.com/2026/06/14/europe/kyiv-pechersk-lavra-monastery-fire-russian-attack-intl-hnk
Ukraine’s historic Kyiv Pechersk Lavra monastery set on fire in major Russian attack
A prominent Ukrainian monastery complex in the heart of Kyiv was set on fire during a massive Russian attack overnight into Monday that killed at least five people and wounded more than two dozen in the capital, according to local authorities.
Images showed flames billowing from the UNESCO-listed Kyiv Pechersk Lavra, which traces its roots back almost 1,000 years, and firefighters beneath the towers and domes of its Dormition Cathedral battling to control the blaze.
A CNN journalist reported hearing several explosions during the overnight attack, in which Russia launched 611 long-range strike drones and 70 missiles, according to Ukraine’s air force.
Religious relics and sacred items were removed from the cathedral, officials said. The full extent of the damage to the structure is still unknown.
Firefighters worked overnight and into the morning to extinguish the fire, which was out by midday Monday local time.
Ukraine’s emergency services said the blaze affected 800 square meters of the roof of the Dormition Cathedral and released images that showed damage to the building.
In a statement, the Metropolitan Epiphanius of Kyiv and All Ukraine asked for “prayers for the salvation of the shrine from destruction.” The primate of the Orthodox Church of Ukraine added, “Another Russian crime against humanity, against history, against Christianity.”
A fire also broke out in the building of the National Cultural, Art and Museum Complex, covering an area of 1,000 square meters, according to Ukraine’s emergency services.
At least five people were killed and more than 30 were wounded in the attack on the city, according to the State Emergency Service of Ukraine.
The attack left about 140,000 households in the northern part of Kyiv without electricity, according to Mayor Vitaliy Klitschko.
Across Ukraine in total, at least 11 people were killed in the Russian bombardment.
In a statement Monday, Russia’s Defense Ministry said it had carried out strikes on “targets within the defense-industrial complex in the cities of Kyiv, Kharkiv and Dnipropetrovsk.”
Ukrainian President Volodymyr Zelensky urged the international community to provide a swift and meaningful response ahead of the Group of Seven summit in Évian, France.
“This is how Russia shows the world its intention to continue the war,” Zelensky wrote in a post on X following the attack.
“It is very important that there be a response from the G7 countries … and that this response be decisive and substantive: more pressure on the aggressor and more support for Ukraine’s air defense,” he added.
President of the European Commission Ursula von der Leyen addressed the issue in an X post shortly afterward, condemning Russia’s “heavy attacks” and promising a dialogue among leaders.
“Today, G7 leaders meet in Évian. We will discuss the next steps to increase pressure on Russia, bring (Russian President Vladimir) Putin to the negotiating table, and end this senseless killing,” she wrote.
Ukrainian Foreign Minister Andrii Sybiha called for an emergency UN Security Council meeting following the latest attack.
‘Masterpiece of Ukrainian art’
The Kyiv Pechersk Lavra monastery is a UNESCO World Heritage site. In 2023, it was added to the World Heritage in Danger list “due to the threat of destruction the Russian offensive poses.”
UNESCO condemned the attack in a statement on X Monday.
“Damage to such institutions deprives communities of access to culture, education, and shared spaces that are essential for recovery and social cohesion,” the organization said.
Ukrainian Culture Ministry/Handout/Reuters
Founded in the 11th century and comprising a complex network of surface and underground churches, it is a major spiritual and cultural center for many Ukrainians and an important pilgrimage site. In its listing, UNESCO describes the complex as a “masterpiece of Ukrainian art.”
Over centuries, relics of saints have been buried in the caves, according to UNESCO.
Zelensky slammed the attack as “one of Russia’s most serious crimes against Christian culture to date.”
Since the beginning of its full-scale invasion of Ukraine in February 2022, Russia has destroyed 338,294 civilian infrastructure sites, according to Deputy Chief of Staff Olena Kovalska.
Counted among those damaged are thousands of hospitals and education providers, almost 1,000 cultural buildings and hundreds of places of worship.
Last month saw the highest number of civilian casualties in Ukraine since April 2022, according to the United Nations’ Human Rights Monitoring Mission in Ukraine.
The attack comes after Zelensky said he and US President Donald Trump discussed efforts to bring an end to the war, which Moscow started more than four years ago. Trump also spoke with Putin on Sunday, according to the Kremlin.
“All Ukrainians have one wish for President Trump: that we may finally achieve peace, and achieve this success together with the US and all our partners,” Zelensky wrote Sunday on X."
The Guardian article.docx,English,C:\Users\admin\Documents\Project Multilingual Narrative Divergence Analysis\ARTICLES\English\The Guardian article.docx,951,"Source: The Guardian
Language: English
Date: 15 June 2026
Title: Kyiv monastery set on fire in night of Russian attacks across Ukraine
URL: https://www.theguardian.com/world/2026/jun/15/kyiv-pechersk-lavra-monastery-on-fire-russian-attacks-ukraine
Kyiv monastery set on fire in night of Russian attacks across Ukraine
Dormition Cathedral at Unesco world heritage site struck along with residential buildings across capital.
A massive Russian missile and drone attack on Kyiv has badly damaged the Dormition Cathedral in the Pechersk Lavra monastery complex, a Unesco world heritage site and one of Ukraine’s most significant religious and cultural sites.
Five people were killed in Kyiv, where waves of drones and missiles drove residents to underground shelters and heavy explosions echoed throughout the capital. Kyiv’s Oleksandr Dovzhenko national film studio, which houses Ukraine’s largest and oldest costume collection, was also hit.
⁠Volodymyr Zelenskyy described the cathedral attack as “one of Russia’s most serious crimes ​against Christian culture to date” and urged G7 leaders meeting in France on Monday to increase their pressure on Moscow.
“It is very important that there be a response from the G7 countries, which are now gathering for their summit – and that this response be decisive and substantive: more pressure on the aggressor and more support for Ukraine’s air defence, especially anti-ballistic capabilities,” the Ukrainian president said.
Russia denied targeting the cathedral and claimed it had been hit with a US-made Patriot air-defence missile.
Outside the Perchersk-Lavra complex on Monday morning a group of state security officers stood over the remains of two Shahed drones at the site, contradicting the Russian claim.
Further along the road, a tumbled gilded dome lay in the street where it had been toppled by a drone that had struck the upper floors of the Art Arsenal museum space.
“I only heard one of the two strikes at 4.55am,” said a young priest who volunteers as an army chaplain and declined to give his name. “The explosion was massive and blew open one of our windows,” he added as he tugged at a section of copper roofing. “Everything was shaking.
“I’m from Bakhmut [the Donbas city levelled during Russia’s devastating siege and capture]. This site is important to everyone. But for the Russians nothing is sacred there is no sanctuary. They will claim there was a military object here because they have no values.”
Ukraine would be “urgently initiating” procedures within Unesco and other international mechanisms to ensure “immediate and adequate responses to this state barbarism”, the foreign minister, Andrii Sybiha, said on X in reference to the monastery attack.
France’s foreign ministry said the attack on Pechersk Lavra ‌was the equivalent of a strike on the Notre Dame cathedral. Its foreign minister, Jean-Noël Barrot said it demonstrated the extent of Russia’s “cruelty”.
As dawn broke and the monastery was still burning, staff rang bells in a gesture of defiance.
On Sunday, Zelenskyy said he had spoken to Donald Trump about efforts to end to the more ⁠than four-year conflict.
Ukraine’s military said on Monday morning that Russia had launched 70 missiles and 611 drones on Ukraine overnight and that its air ‌defence had shot down 50 missiles and 582 drones of various types.
The attack was launched as global attention was focused on the latest efforts by the Trump administration to sign a peace deal with Iran, and in the midst of Trump’s cage-fighting spectacle on the White House lawn to mark his 80th birthday.
Footage from the Perchersk Lavra showed flames licking up towards its domes. Six people were reported injured. “[T]he roof of one of the holiest places in the Christian world – the Dormition Cathedral of the Kyiv Pechersk Lavra – is burning,” Metropolitan Epiphanius, the head of the Orthodox Church of Ukraine, wrote on X.
“What more must the Kremlin Antichrist do for the world to realise that decisive action must be taken so that the Russian terror against Ukraine and the very principles of peace come to an end?”
Yulia Svyrydenko, the prime minister, posted a picture of the monastery building in flames and wrote: “A brutal assault on our people ‌and our heritage. This is the true face of Russia’s Orthodox values. We ask for prayers for the salvation of the shrine from destruction. Another Russian crime against humanity, against history, against Christianity.”
Damage was reported at 16 locations across the capital amid the sound of interceptor launches and explosions that shook windows in the city centre. “New launches targeting the capital keep being recorded,” said Tymur Tkachenko, the head of Kyiv’s military administration, urging people to remain in shelters.
Outside the capital, at least five people were killed in the city of Kharkiv in what appeared to be a double-tap strike targeting emergency responders.
Prior to the attack, amid evidence of mounting battlefield setbacks for Russia, the president, Vladimir Putin, had warned that Moscow would target Ukraine with “systemic” strikes.
Kyiv had been relatively quiet in recent days as Moscow prepared its drone and missile forces.
Poland, an EU and Nato member, scrambled fighter jets and put ground-based air defence systems and radar reconnaissance on a state of readiness, the Polish armed forces said on Monday morning.
Ukraine has recently intensified attacks on Russian industrial and energy facilities, as it tries to deprive Moscow of revenues and ⁠hasten an end to the war. On Monday, three people were killed and another three, including a one-year-old child, were injured in a drone ​attack on the Russian city of Tula, an industrial cluster south of Moscow, ​the regional governor said in a Telegram post. Ukraine also moved overnight ​to cut off further supplies from the Crimean peninsula, annexed by Russia in 2014 and already grappling with a fuel crisis, by hitting two bridges connecting ​it to the Russian-controlled areas."
Argumenty i Fakty article RU1.docx,Russian,C:\Users\admin\Documents\Project Multilingual Narrative Divergence Analysis\ARTICLES\Russian\Argumenty i Fakty article RU1.docx,201,"Source: Argumenty I Fakty (Аргументы и Факты)
Language: Russian
Date: 15 June 2026
Title: Захарова: Макрон соорудил фейк об ударе по Киево-Печерской лавре
URL: https://aif.ru/politics/zaharova-makron-soorudil-feyk-ob-udare-po-kievo-pecherskoy-lavre
Захарова: Макрон соорудил фейк об ударе по Киево-Печерской лавре
Президент Франции Эмманюэль Макрон распространил недостоверную информацию о пожаре в Киево-Печерской лавре, обвинив в произошедшем Россию. Об этом заявила официальный представитель МИД РФ Мария Захарова.
По словам дипломата, французский лидер и глава МИД Франции Жан-Ноэль Барро выступили с заявлениями, в которых связали произошедшее в лавре с действиями Вооруженных сил России.
«Запад вместе с киевским режимом состряпали очередную фальсификацию — настоящий фейк», — написала Захарова в своем Telegram-канале.
Она отметила, что французские власти оперативно отреагировали на ситуацию вокруг Киево-Печерской лавры и напомнили о статусе объекта Всемирного наследия ЮНЕСКО.
При этом, по словам Захаровой, Париж не комментировал жертвы среди мирного населения российских регионов в результате атак ВСУ. Также представитель МИД РФ указала, что французские власти не высказывались по поводу атаки на музей обороны Севастополя.
Ранее Минобороны России заявило, что Вооруженные силы РФ не наносят удары по объектам гражданской инфраструктуры. В ведомстве также сообщили, что комплекс зданий Киево-Печерской лавры был поражен ракетой американского зенитного ракетного комплекса Patriot. По версии министерства, одной из причин инцидента могла стать неисправность переданных Украине ракет."
Komsomolskaya Pravda article RU2.docx,Russian,C:\Users\admin\Documents\Project Multilingual Narrative Divergence Analysis\ARTICLES\Russian\Komsomolskaya Pravda article RU2.docx,702,"Source: Komsomolskaya Pravda (Комсомольская Правда)
Language: Russian
Date: 15 June 2026
Title: «После этого начнется объединение Руси»: Удар ракетой по Киево-Печорской Лавре - исполнение пророчества старца Зосимы
URL: https://www.kp.ru/daily/277789/5263202/
«После этого начнется объединение Руси»: Удар ракетой по Киево-Печорской Лавре - исполнение пророчества старца Зосимы
Военкор Стешин: Удар по Киево-Печорской Лавре - исполнение пророчества Зосимы
В ночь на понедельник в «Национальном заповеднике Киево-Печерская Лавра» пылала крыша Успенского собора. Да, именно так сейчас называется сердце русского Православия, его исток на Руси - «Заповедник». Не более. Настоятелей Украинской православной церкви заставили покинуть Лавру еще три года назад. Монахи ушли, в том числе, и в российские монастыри. Имущество и реликвии Лавры описывала специальная украинская «комиссия по инвентаризации и экспертизе» вооруженная ломами, «болгарками» и домкратами. Лазали по пещерам, где веками лежат мощи русских святых, вскрыли несколько рак. Мощи разбросали по земле, якобы «изучали». От верующих, собравшихся у поругаемой святыни, эту комиссию защищала киевская полиция, СБУ и бандеровские активисты. Итоги этой сатанинской* работы засекретили, возможно, чтобы можно было без помех торговать реликвиями. Западные коллекционеры и музеи любят скупать чужие святыни.
В итоге в «Заповедник» въехала раскольничья православная церковь. Для «изгнания москальского духа» в трапезной Лавры устроили кулинарный фестиваль с известным набором блюд – сало-горилка-борщ. Некогда святое место было осквернено по полной сатанинской* программе и в последние годы о «Заповеднике» было не слышно. Там больше ничего не происходило, погас один из невидимых столпов Веры.
Но едва перестала дымиться от попадания американской ракеты украинского ПВО крыша Успенского собора, в «Заповедник» примчался Зеленский, человек, который, собственно, и осквернил Лавру. Зеленский назвал произошедшее «одним из крупнейших российских преступлений против христианской культуры» и призвал страны G7 к решительному ответу, включая усиление ПВО Киева. Хотя, казалось, куда еще усиливать? Чтоб остальные соборы посносило?
Дело в том, что ни у Европы, ни у США свободных ракет к системам «Патриот» не осталось. Все потрачено на Украину и Иран. Но Зеленский не знает слова «нет», он знает только «дай». Чтоб не огорчать своего маленького фюрера, Европа выдала ему со складов списанные, просроченные ракеты. Такие же, как он сам. Результат вы видели.
Этот акт лицемерия Зеленского с обвинением русских в ударе по русской святыни можно с чистым сердцем назвать «дьявольским».
И самое страшное, что этот этап борьбы Добра и Зла был предсказан очень давно и пророчество, которому больше 30 лет, неуклонно выполняется. Этап за этапом.
В 1990 году старец Зосима сказал Слово, которое не могло тогда уложиться в головах простых людей: «Киево-Печерская Лавра падет. Вся благодать Киево-Печерской Лавры перейдет в Оптину пустынь». Оптина пустынь еще лежала в руинах, и Зосиме не поверили даже братья по вере. Схиархимандриту Зосима (Сокур) основал Свято-Успенскую Николо-Васильевскую обитель на Донбассе. И перед смертью, в 2002 году, предупредил верующих, что их ждут большие гонения на церковь.
Монастырь попал в зону боев в Донбассе, условно говоря, он был в полосе наступления на Угледар. Летом 2022 года, я ездил в этот монастырь с комбатом батальона «Восток» Александром Ходаковским. Пробирались по зеленке ранним утром в туман. Впереди прошли разведчики…Мы привезли монахам гуманитарку – бензин, генератор, продукты. Монастырь уже начала методично «разматывать» артиллерия ВСУ. Они любят бить по храмам. И пока не взяли Угледар и не отодвинули линию фронта, каждый прилет снаряда лишь подтверждал второе пророчество Зосимы. Каждый раненый послушник лишь приближал своей мукой исполнение сказанного.
Было и третье пророчество, и нет сомнений, что в Киеве про него хорошо знают. Любовь киевского политического бомонда к оккультизму, бытовой магии и сатанизму*, общеизвестна. Они так пытаются сражаться с православием, пытаются отменить последнее пророчество Зосимы – «после падения Лавры начнется воссоединение Руси».
КСТАТИ
По соцсетях и каналам в мессенджерах сейчас распространяются фотографии с крыш соседствующих с Лаврой зданий. Почему-то именно в эту ночь там якобы оказались фотографы с профессиональной аппаратурой. Они заранее разложили технику и засняли удар по культурному наследию. При том, что подобная съемка на Украине запрещена. Правда, никаких подтверждений тому, что кадры достоверные, пока не предоставлено.
ИЗ ОФИЦИАЛЬНОГО ЗАЯВЛЕНИЯ МИНОБОРОНЫ РФ 15 ИЮНЯ 2026 Г.
- Вооруженные Силы России по объектам гражданской инфраструктуры удары не планируют и не наносят.
- По подтвержденным данным, комплекс зданий Киево-Печорской Лавры был поражен ракетой американского зенитного комплекса «Патриот».
- Одной из причин некорректной работы данного комплекса могло стать то, что страны Запада передали Киевскому режиму ракеты с истекшим сроком годности.
* Верховный суд России признал «Международное движение сатанизма» экстремистским и запретил его деятельность."
RIA Novosti article RU3.docx,Russian,C:\Users\admin\Documents\Project Multilingual Narrative Divergence Analysis\ARTICLES\Russian\RIA Novosti article RU3.docx,235,"Source: RIA Novosti (РИА Новости)
Language: Russian
Date: 15 June 2026
Title: ""Мрачное предзнаменование"". Произошедшее в Киеве вызвало ужас на Западе
URL: https://ria.ru/20260615/kiev-2099094221.html
""Мрачное предзнаменование"". Произошедшее в Киеве вызвало ужас на Западе
Краткий пересказ от РИА ИИ
Заявление Министерства иностранных дел Украины о закупке просроченных ракет для систем Patriot стало зловещим пророчеством перед инцидентом в Киево-Печерской лавре, пишет L’antiDiplomatico.
Как отмечает издание, на эту деталь почти никто не обратил внимания, а в Киеве и Брюсселе предпочитают о ней не вспоминать.
МОСКВА, 15 июн — РИА Новости. Заявление Министерства иностранных дел Украины о закупке просроченных ракет для систем Patriot стало зловещим пророчеством перед инцидентом в Киево-Печерской лавре, пишет L’antiDiplomatico.
""Незадолго до пожара представитель МИД Украины Георгий Тихий заявил, что Киев надеется получить ракеты-перехватчики для систем Patriot с ""истекающим сроком годности"". Слова, которые сегодня звучат как мрачное предзнаменование"", — говорится в публикации.Как отмечает издание, на эту деталь почти никто не обратил внимания, а в Киеве и Брюсселе предпочитают о ней не вспоминать.
Ранее сегодня в Минобороны России заявили, что комплекс зданий Киево-Печерской лавры поразила ракета американского зенитного комплекса Patriot, у которой мог истечь срок годности.
Официальный представитель МИД Мария Захарова также отметила, что никого на Западе не волновало разграбление Киево-Печерской лавры при режиме Владимира Зеленского, но Россию мгновенно обвинили в якобы атаке на нее.
В начале июня представитель МИД Украины Георгий Тихий заявил, что Киев рассчитывает получить ракеты-перехватчики, в том числе для Patriot, с истекающим сроком годности."
ABC article ES1.docx,Spanish,C:\Users\admin\Documents\Project Multilingual Narrative Divergence Analysis\ARTICLES\Spanish\ABC article ES1.docx,681,"Source: ABC
Language: Spanish
Date: 15 June 2026
Title: El Monasterio de las Cuevas de Kiev, en llamas durante el último bombardeo ruso contra Ucrania
URL: https://www.abc.es/internacional/zelenski-afirma-ataque-catedral-dormicion-supone-crimenes-20260615100346-nt.html?ref=https%3A%2F%2Fwww.abc.es%2Finternacional%2Fzelenski-afirma-ataque-catedral-dormicion-supone-crimenes-20260615100346-nt.html#goog_rewarded
El Monasterio de las Cuevas de Kiev, en llamas durante el último bombardeo ruso contra Ucrania
El complejo, en la Lista de Patrimonio Mundial en Peligro desde 2023, data del siglo XI y es un símbolo de la religiosidad y la identidad del país invadido
El jefe de la Iglesia Ortodoxa de Ucrania pedía una oración mientras las llamas alumbraban el histórico monasterio. Pasadas las dos de la mañana, hora local, el metropolitano Epifanio lanzó un mensaje: «El techo de uno de los lugares más sagrados del mundo cristiano —la Catedral de la Dormición del Monasterio de las Cuevas de Kiev— está ardiendo». La principal autoridad religiosa del país sentenció que se trataba de «otro crimen ruso contra la humanidad, contra la historia, contra el cristianismo».
Los proyectiles rusos todavía hacían crujir el cielo de la ciudad cuando las primeras fotografías del incendio en el principal sitio religioso de Ucrania desfilaron en redes sociales. El gobernador la región capitalina, Tymur Tkachenko, manifestó en su cuenta de Telegram que «los rusos atacaron deliberadamente el corazón de uno de los mayores santuarios cristianos».
El recinto sobrevivió a las invasiones mongolas y sufrió daños también durante la Segunda Guerra Mundial. Esta es la segunda vez que resulta dañado en lo que va de 2026, en ambas ocasiones por el impacto de un Shahed, según las autoridades ucranianas. La Pechersk Lavra (por su denominación en ucraniano) forma parte del Patrimonio de la Humanidad de la UNESCO desde 1990. El monasterio data de 1051 y la Catedral de la Dormición, que resultó gravemente afectada, comenzó a construirse en 1073.
Observar estas cúpulas doradas entre llamaradas es un duro golpe moral para los ucranianos. Sería algo similar a ver la catedral de Santiago de Compostela, con toda la carga simbólica que alberga, pasto de un incendio tras el ataque de un estado invasor. Según el Ministerio de Defensa de Rusia, el culpable del incendio fue un misil Patriot de la defensa aérea ucraniana. El Complejo del Museo Nacional de Arte y Cultura Mystetskyi Arsenal, también fue pasto de las llamas poco tiempo después de los impactos contra complejo religioso.
El presidente de Ucrania, Volodímir Zelenski, ha prometido que los trabajos de restauración se iniciarán de inmediato. «Haremos todo lo posible. Luego se realizará una investigación. El Ministro de Cultura está aquí. Se tomarán las medidas pertinentes, se llevarán a cabo las investigaciones y lo restableceremos todo», manifestó el mandatario durante su visita al lugar de culto.
El mandatario ucraniano destacó que «este ataque a la Lavra es un atentado contra la comunidad cristiana y contra el patrimonio cultural de la humanidad. No puede haber justificación para esto ni para ningún otro ataque ruso similar». A mediodía el mandatario informó que «los equipos de emergencia han apagado los incendios en Kiev, tanto en la Lavra como en el Mystetskyi Arsenal. Agradezco a todos los servicios que están trabajando en los lugares de los impactos, y a todos los que están ayudando».
Por su parte, el ministro de Exteriores de Ucrania, Andrii Sybiha, insta a la UNESCO y a la comunidad internacional a exigir una respuesta ante el bombardeo de la Lavra. En un duro mensaje contra Moscú, Sybiha afirma que con este golpe contra «uno de los mayores santuarios de la cristiandad, Putin ha grabado su nombre para siempre en la lista de los peores bárbaros de la historia». Los primeros mensajes de condena llegaron desde los países bálticos, Francia y Reino Unido.
Rusia lanzó un total de 70 misiles y más de 600 drones contra Ucrania en la madrugada de este lunes. Los principales objetivos fueron Kiev y la segunda ciudad más grande del país, Járkov. Según el presidente ucraniano, más de 60 misiles se dirigieron contra la capital de Ucrania. Una de las mayores terminales del servicio de correo Nova Poshta fue alcanzada; también se registraron daños en edificios residenciales y comerciales, y una treintena de coches se incendiaron."
El Mundo article ES2.docx,Spanish,C:\Users\admin\Documents\Project Multilingual Narrative Divergence Analysis\ARTICLES\Spanish\El Mundo article ES2.docx,557,"Source: El Mundo
Language: Spanish
Date: 15 June 2026
Title: Rusia bombardea Ucrania con 70 misiles y más de 600 drones y deja al menos 11 muertos y en llamas la histórica catedral de la Dormición de Kiev
URL: https://www.elmundo.es/internacional/2026/06/15/6a2f8cb2e85ece316c8b457a.html
Rusia bombardea Ucrania con 70 misiles y más de 600 drones y deja al menos 11 muertos y en llamas la histórica catedral de la Dormición de Kiev
El alcalde de la capital ucraniana ha informado de daños materiales en ocho distritos de la ciudad y dijo que los servicios de rescate tuvieron que ser desplegados en alrededor de cincuenta puntos de la urbe por la caída de misiles o drones rusos.
Al menos 11 personas esta madrugada murieron en un ataque ruso masivo con misiles y drones contra varios distritos de Kiev, según informó en su cuenta de Telegram el gobernador militar de la región capitalina, Timur Tkachenko. Otras cinco personas han muerto en distintas ciudades ucranianas. Cuando Tkachenko dio este balance se habían contabilizado 23 heridos, según dijo el propio gobernador.
Rusia lanzó 70 misiles y 611 drones contra Ucrania durante la noche, informó el ejército ucraniano. El ejército indicó en Telegram que, según datos preliminares, las defensas aéreas derribaron 50 misiles y 582 drones de diversos tipos.
El objetivo principal del ataque fue Kiev, aunque las fuerzas rusas también lanzaron misiles contra Dnipró y Járkov, añade la nota.
En concreto, Rusia lanzó seis misiles antibuque 3M22 'Zircon' desde la península ucraniana de Crimea, anexionada por Moscú en 2014, 34 misiles balísticos Iskander-M/S-400 desde las regiones rusas de Briansk y Kursk y treinta misiles de crucero Kh-101/Iskander-K desde Kursk y la región rusa de Vólogda.
El alcalde de Kiev, Vitali Klitchkó, dio cuenta de daños materiales en ocho distritos de la ciudad y dijo que los servicios de rescate tuvieron que ser desplegados en alrededor de cincuenta puntos de la urbe por la caída de misiles o drones rusos.
En el de Pechersk se incendió el texto de la catedral de la Dormición, que forma parte del monasterio ortodoxo de las Cuevas y es uno de los edificios religiosos más emblemáticos de Ucrania.
Además,Rusia utilizó 611 aparatos aéreos no tripulados de ataque Shahed, Gerbera, Italmas, munición merodeadora Banderol y drones réplica Parodia contra Ucrania desde las direcciones rusas de Briansk, Kursk, Oriol, Mílerovo, Primorsko-Ajtarsk, y desde Gvardíiske y Chauda, en la península ucraniana de Crimea.
Según datos preliminares, la defensa antiaérea ucraniana había derribado o neutralizado cinco misiles antibuque 3M22 'Zircon', quince misiles balísticos Iskander-M/S-400, treinta misiles de crucero X-101/Iskander-K y 582 donres enemigos de distintos tipos.
Se reportaron impactos de veinte misiles balísticos y 27 vehículos aéreos no tripulados de ataque en 42 ubicaciones, así como la caída de fragmentos derribados en 12.
Reacciones de condena
Francia condenó duramente los bombardeos rusos que provocaron el incendio de la catedral, uno de los santuarios más venerados del cristianismo ortodoxo. ""Es el equivalente a atacar Notre-Dame, lo que obviamente es inaceptable"", declaró este lunes por la mañana el ministro de Exteriores galo, Jean-Noël Barrot. ""Rusia ha demostrado el alcance de su crueldad"".
El ataque se produjo horas antes del arranque de la cumbre del G7 en Evian, a la que acudirá el martes el presidente Volodimir Zelenski, en un encuentro destinado a impulsar las conversaciones de paz en Ucrania, en el que también participará Donald Trump."
United 24 Media article ES3.docx,Spanish,C:\Users\admin\Documents\Project Multilingual Narrative Divergence Analysis\ARTICLES\Spanish\United 24 Media article ES3.docx,441,"Source: UNITED24 Media
Language: Spanish
Date: 15 June 2026
Title: Rusia castiga el corazón de Kyiv con un bombardeo que incendia el histórico Monasterio de Lavra de Pechersk
URL: https://united24media.com/es/war-in-ukraine/rusia-castiga-el-corazon-de-kyiv-con-un-bombardeo-que-incendia-el-historico-monasterio-de-lavra-de-pechersk-19812
Rusia castiga el corazón de Kyiv con un bombardeo que incendia el histórico Monasterio de Lavra de Pechersk
Un ataque masivo ruso con misiles y drones contra Kyiv ha dejado sin suministro eléctrico a 140.000 residentes este 15 de junio. La ofensiva aérea de las fuerzas rusas ha alcanzado de forma directa múltiples bloques residenciales de la capital ucraniana. El bombardeo ha provocado varios incendios en diferentes distritos de la ciudad, incluyendo el histórico monasterio de la Pechersk Lavra de Kyiv.
Las fuerzas rusas han lanzado un ataque nocturno contra Kyiv este 15 de junio, provocando daños en edificios residenciales, desatando múltiples incendios, interrumpiendo el suministro eléctrico e hiriendo a al menos una persona. Así lo han confirmado el alcalde de la capital, Vitali Klitschko, y el jefe de la Administración Militar de la Ciudad de Kyiv, Tymur Tkachenko.
Según la información operativa ofrecida por Tkachenko, se ha confirmado un herido hasta el momento. Asimismo, el alto funcionario militar ha advertido de que la amenaza sobre la capital ucraniana sigue activa.
El aumento de víctimas civiles y el impacto en la Catedral de la Dormición
El balance de víctimas civiles se ha agravado rápidamente con el paso de las horas. El jefe de la Administración Militar de la Ciudad de Kyiv, Tymur Tkachenko, ha confirmado que la cifra de heridos ha ascendido a 30, entre los que se encuentran dos menores de cinco y seis años. Asimismo, los servicios de emergencia han certificado ya la muerte de cuatro personas como consecuencia directa de los impactos en los barrios residenciales.
La capital ucraniana permanece en un escenario de máxima alerta médica y militar. El alcalde Vitali Klitschko ha informado de múltiples incidentes en diversos distritos de la urbe mientras las baterías de defensa aérea continuaban operando de forma ininterrumpida para interceptar los proyectiles. Las autoridades insisten en que la situación no está bajo control: «La amenaza de misiles balísticos continúa. Existe también la posibilidad de que se empleen misiles de crucero y drones durante el resto de la noche», ha advertido Tkachenko.
El foco de mayor gravedad patrimonial se concentra en el recinto de Pechersk Lavra de Kyiv, declarado Patrimonio de la Humanidad por la Unesco. Klitschko ha reportado un grave incendio en el interior del complejo clerical, especificando que las llamas han envuelto por completo la cubierta de la histórica Catedral de la Dormición, uno de los templos más antiguos y simbólicos de la fe ortodoxa en Europa del Este.
-------------------------------------------------------------"
European Pravda article UK1.docx,Ukrainian,C:\Users\admin\Documents\Project Multilingual Narrative Divergence Analysis\ARTICLES\Ukrainian\European Pravda article UK1.docx,206,"Source: European Pravda (Європейська Правда)
Language: Ukrainian
Date: 15 June 2026
Title: В ЄС відреагували на удар РФ по Києво-Печерській лаврі
URL: https://www.eurointegration.com.ua/news/2026/06/15/7239699/
В ЄС відреагували на удар РФ по Києво-Печерській лаврі
Російські атаки на Київ, внаслідок яких, зокрема, постраждала Києво-Печерська лавра – ""ще одне нагадування"" про ескалацію з боку Росії, заявив голова Європейської ради Антоніу Кошта.
Як повідомляє ""Європейська правда"", про це він написав у себе в Х.
Кошта наголосив, що ""масові бомбардування та атаки, що відбулися вночі і були спрямовані проти цивільного населення та Києво-Печерської лаври – об’єкта ЮНЕСКО, – є ще одним нагадуванням про те, що Росія продовжує ескалацію"".
""Ці атаки демонструють небажання Росії серйозно брати участь у мирних переговорах. Але час не на боці Росії. Коли лідери G7 зустрінуться сьогодні в Ев'яні, ми обговоримо, як посилити тиск на Росію, щоб вона сіла за стіл переговорів задля справедливого та тривалого миру в Україні"", – додав він.
Президент Володимир Зеленський розраховує на реакцію країн G7 у відповідь на масовані російські удари по українських містах.
Раніше повідомляли, що Україна ініціює всі відповідні процедури в рамках ЮНЕСКО та всі інші міжнародні механізми, вимагаючи ""негайної та адекватної відповіді"" на російський удар по Лаврі.
Міністр закордонних справ Франції Жан-Ноель Барро порівняв удар РФ по Лаврі з бомбардуванням Нотр-Даму."
Suspilne article UK2.docx,Ukrainian,C:\Users\admin\Documents\Project Multilingual Narrative Divergence Analysis\ARTICLES\Ukrainian\Suspilne article UK2.docx,726,"Source: Suspilne (Суспільне)
Language: Ukrainian
Date: 15 June 2026
Title: ""Це цілеспрямована атака"": у Києво-Печерській лаврі розповіли про наслідки російського удару по Успенському собору
URL: https://suspilne.media/culture/1331554-ce-cilespramovana-ataka-u-kievo-pecerskij-lavri-rozpovili-pro-naslidki-rosijskogo-udaru-po-uspenskomu-soboru/
""Це цілеспрямована атака"": у Києво-Печерській лаврі розповіли про наслідки російського удару по Успенському собору
Російський удар по Успенському собору в ніч на 15 червня був цілеспрямованою атакою на українську культурну та духовну спадщину. Внаслідок обстрілу пошкоджень зазнав не лише головний храм лаври, а й десятки інших пам'яток на території заповідника. Зараз на території заповідника ""Києво-Печерська лавра"" тривають аварійні та відновлювальні роботи.
Про це в ефірі Радіо Культура розповів заступник генерального директора з наукової роботи Національного заповідника ""Києво-Печерська лавра"" Костянтин Крайній.
""Зараз працюють ДСНС, представники служб приїхали вже, розбирають. Ще комунальні служби прибирають територію соборної площі. Тут, звісно, роботи не на один день"", — сказав Крайній.
Він висловив сподівання, що Успенський собор вдасться відновити вже цього року, який є особливим для лаври.
""Дай боже, щоб ми все ж таки в цьому році побачили відновлений Успенський собор. Дуже хочеться в це вірити. Бо цей рік для нас дуже важливий. В цьому році виповнюється 975 років з першої згадки в літописі про Києво-Печерську обитель. І також в цьому році виповнюється 100 років від часу проголошення території Києво-Печерської лаври національним історико-культурним заповідником"", — зазначив він.
За словами Крайнього, безпілотник влучив у верхню частину вівтарної частини Успенського собору. Значної шкоди завдала й вода, яку використовували для гасіння пожежі.
""Аби споруда не згоріла, довелося використати величезну кількість води, яка пошкодила стіни та внутрішній живопис храму. Зокрема, у критичному стані зараз перебуває унікальний 21-метровий іконостас у стилі бароко, створений у 2000 році. Проте остаточно говорити про масштаби втрат інтер'єрного розпису ми зможемо лише за кілька днів. Наразі ж усе це буквально стоїть у воді й абсолютно мокре"", — сказав Крайній.
Він наголосив, що пошкоджень зазнав увесь архітектурний ансамбль заповідника. Уламки та вибухові хвилі пошкодили десятки наших пам'яток як національного, так і місцевого значення, зокрема:
Ковнірський корпус;
трапезну палату з храмом Антонія і Феодосія Печерських;
друкарню Києво-Печерської лаври;
вежу Кущника, що є частиною фортифікаційного комплексу XVIII століття;
церкву преподобного Феодосія, яка належить заповіднику.
""Інший дрон збив хрест, який знаходився на цій башті, і пошкодив маківку та частину купола. Мало того, вогонь від башти Кущника перекинувся і на «Мистецький арсенал»"", — зазначив Крайній.
На його думку, атака не була випадковою: ""Ми все чудово розуміємо. Це абсолютно не якась випадковість. Це цілеспрямована дія, яка має на меті знищити наше культурне надбання. До речі, не лише наше — це культурне надбання всього світу, адже Києво-Печерська лавра разом із монастирськими спорудами Софії Київської входить до списку Всесвітньої спадщини ЮНЕСКО"".
Крайній назвав Успенський собор символом української духовної культури та нагадав, що храм уже був зруйнований у 1941 році.
""Основна мета наших північних сусідів була знищити цей давній храм, який лише у 2000 році був відроджений. Адже після вибуху 1941 року лише одна сьома частина храму залишилася. Що ворог насправді хоче відібрати, коли руйнує наші святині? В першу чергу він хоче відібрати нашу історію, нашу духовність, нашу культуру"", — сказав він.
За словами представника заповідника, першочерговим завданням після атаки було врятувати музейні предмети та інші рухомі пам'ятки. Наразі фахівці продовжують обстеження пошкоджень.
""Зараз поки йде облік тих пошкоджень, які отримав наш головний храм. Це і робота наших пам'яткоохоронців, робота реставраторів. Вони ще кілька днів будуть оглядати ретельно, щоб сказати вже достеменно. Але я думаю, що протягом найближчих днів все ж таки можна буде вималювати картину, в якому стані та скільки знадобиться часу, сил і, головне, коштів, щоб відновити Успенський собор"", — зазначив він.
Пошкодження лаври внаслідок обстрілу 15 червня
У ніч проти 15 червня російський безпілотник влучив у територію Києво-Печерської лаври. Внаслідок цього пожежа охопила дах Успенського собору. Очільник Київської міської військової адміністрації Тимур Ткаченко зазначив, що пошкодження суттєві.
Після атаки в лаврі терміново евакуювали святині та богослужбові предмети — зокрема, стародавні ікони й антимінси. Як повідомив єпископ Авраамій, завдяки діям братії лаври, працівників і рятувальників вдалося зберегти цінності та мінімізувати загрозу для людей.
У СБУ заявили, що лавру атакував дрон ""Герань-2"" — на місці знайшли фрагменти корпусу і двигуна. Слідчі кваліфікують удар як воєнний злочин і вже розпочали кримінальне провадження.
На території лаври розташований Музей книги і друкарства України. Там пошкоджено п'ять вікон в експозиції та два вікна у фондах бібліотеки.
Прем'єр-міністерка Юлія Свириденко заявила, що Успенський собор буде відновлено. Для цього уряд невідкладно виділить кошти з резервного фонду державного бюджету, а українські підприємці та меценати вже висловили готовність долучитися до відновлення святині."
Ukrainska Pravda article UK3.docx,Ukrainian,C:\Users\admin\Documents\Project Multilingual Narrative Divergence Analysis\ARTICLES\Ukrainian\Ukrainska Pravda article UK3.docx,634,"Source: Ukrainska Pravda (Українська Правда)
Language: Ukrainian
Date: 15 June 2026
Title: Пошкоджені пам'ятки культури, ринок і школа: все, що відомо про наслідки нічної атаки РФ на Київ
URL: https://life.pravda.com.ua/society/ataka-rf-na-kijiv-15-chervnya-shcho-vidomo-pro-ruynuvannya-ta-naslidki-315578/
Пошкоджені пам'ятки культури, ринок і школа: все, що відомо про наслідки нічної атаки РФ на Київ
У ніч на 15 червня росіяни здійснили масовану комбіновану атаку на Київ та інші українські міста. У столиці лунали вибухи, у місцях влучання зайнялися пожежі.
Станом на зараз відомо про чотирьох загиблих і 30 потерпілих, серед яких двоє дітей віком 5 і 6 років.
Під ударом опинилася Києво-Печерська лавра – туди влучив російський ""Шахед"".
""Це не просто національна святиня. Це духовний і культурний скарб людства, об'єкт Всесвітньої спадщини ЮНЕСКО, пам'ятка, внесена до списку об'єктів під найвищим рівнем захисту відповідно до Гаазької конвенції. Атака на такі об'єкти є одним із найважчих злочинів проти світової культурної спадщини"", – зазначили у Державній службі України з етнополітики та свободи совісті.
Російський удар пошкодив Успенський собор. Загиблих і постраждалих немає. Сакральні твори, зокрема ікони, антимінси, богослужбові предмети, евакуювали. Експерти проводять оцінку пошкоджень.
Також постраждала й кіностудія імені Олександра Довженка. У результаті російської атаки знищена найбільша і найстаріша колекція костюмів.
За словами віцепрем'єр-міністерки з гуманітарної політики Тетяни Бережної, у студії було близько 100 тисяч костюмів і 3 мільйони одиниць різноманітного одягу. Пошкоджень зазнали й інші корпуси та будівлі кіностудії.
Через російську атаку сталася пожежа в Мистецькому арсеналі – вогонь охопив близько 1000 квадратних метрів будівлі.
За словами директроки закладу Олесі Островської-Лютої, велика частина покрівлі лівого крила Старого Арсеналу серйозно постраждала.
""Детальніша оцінка шкоди займе кілька днів. Але це точно будуть суттєві гроші на відновлення.
Цікаво, що російський дрон поцілив точно в те саме місце, що й німецька бомба під час Другої світової війни. Це якийсь містичний збіг, єдність душ агресорів?"", – йдеться у дописі.
Від вибухової хвилі зазнав пошкоджень Музей книги і друкарства України – там вибиті вікна. Постраждалих немає, колекція музею також неушкоджена.
""Тимчасово припиняємо приймати відвідувачів. Ми обовʼязково продовжимо нашу роботу і будемо мати щастя збагачувати нашу культуру та дбати про нашу спадщину"", – зазначили на сторінці закладу.
Після низки ударів по культурних спорудах Національна комісія України у справах ЮНЕСКО закликала міжнародну спільноту не допускати Росію до участі в ключових органах організації.
Унаслідок вибуху постраждала будівля одного з закладів освіти Освітнього холдингу А+ – Академія сучасної освіти, розташована в ЖК ""Комфорт Таун"".
""Ми вдячні всім за підтримку, нашим колегам, батькам, друзям, які від ранку прибирають наслідки, ми вдячні рятувальникам, які з ночі гасили пожежу. Найголовніше це люди, які живі, і що ми обов'язково відновимо нашу будівлю.
Дитячий садок ""Академікс"" працює і зранку приймає дітей. Початкова школа сьогодні працює в режимі онлайн, а завтра чекає своїх учнів. Віримо в найкраще. А+ працює далі"", – написала у Facebook директорка закладу Тетяна Шаповалова.
Окрім того, вночі російські окупанти знищили найбільший інноваційний сортувальний термінал ""Нової пошти"".
""Це особливий сортувальний центр. Перший в Україні термінал, оснащений найсучаснішим у світі обладнанням для сортування посилок від компанії Vanderlande.
Символ нашого розвитку, сміливих інвестицій у майбутнє, інноваційності, Lean-культури та щоденного прагнення ставати кращими"", – написав генеральний директор компанії Євген Тафійчук.
За його словами, співробітники не постраждали. Підприємець також запевнив, що зруйнований термінал відновлять.
Також російські загарбники пошкодили бізнес-центр і зруйнували відділення Rozetka. Постраждалих немає.
Унаслідок обстрілу значно постраждав й один з найвідоміших ринків Києва біля станції метро ""Почайна"", раніше відомий як ""Петрівка"". Унаслідок атаки було знищено павільйони та вигоріли цілі торгові ряди.
Загалом внаслідок масованої атаки ворога на Київ зафіксовані пошкодження та пожежі майже в усіх районах міста. Аварійно-рятувальні служби працюють на близько 50 локаціях.
Окрім того, через російську атаку в Дніпрі пошкоджено Будинок органної та камерної музики та унікальний орган у ній.
Внаслідок обстрілу одна людина дістала поранення, також зруйноване приміщення коледжу. Пошкоджене підприємство – там виникла пожежа.
Окрім того, троє людей травмовані внаслідок нічної атаки російських безпілотників на Суми.
Пошкоджені багатоповерхові житлові будинки й Палац дітей та юнацтва."
